{
  "splendid_ranching:opal_desert": {
    "r": 0,
    "g": 251,
    "b": 255
  },
  "splendid_ranching:dry_reef": {
    "r": 255,
    "g": 46,
    "b": 227
  },
  "splendid_ranching:indigo_quarry": {
    "r": 144,
    "g": 0,
    "b": 184
  },
  "splendid_ranching:magma_mounts": {
    "r": 194,
    "g": 0,
    "b": 0
  },
  "splendid_ranching:moss_blanket": {
    "r": 34,
    "g": 158,
    "b": 0
  },
  "splendid_ranching:slimey_sea": {
    "r": 0,
    "g": 173,
    "b": 162
  },
  "alexscaves:abyssal_chasm": {
    "r": 0,
    "g": 64,
    "b": 255
  },
  "alexscaves:candy_cavity": {
    "r": 235,
    "g": 0,
    "b": 172
  },
  "alexscaves:forlorn_hollows": {
    "r": 112,
    "g": 71,
    "b": 0
  },
  "alexscaves:magnetic_caves": {
    "r": 255,
    "g": 0,
    "b": 0
  },
  "alexscaves:primordial_caves": {
    "r": 183,
    "g": 168,
    "b": 6
  },
  "alexscaves:toxic_caves": {
    "r": 0,
    "g": 255,
    "b": 17
  }
}